method,run_label,threshold,n_total,n_kept,coverage,corrected_accuracy_kept,corrected_error_kept,baseline_accuracy_kept,delta_accuracy_pp_kept,intervened_rate_kept
E1,seed123,0.0,2000,62,0.031,0.9032258064516129,0.09677419354838712,0.4032258064516129,50.0,1.0
E1,seed123,0.025,2000,143,0.0715,0.8391608391608392,0.16083916083916083,0.5594405594405595,27.97202797202797,1.0
E1,seed123,0.05,2000,143,0.0715,0.8391608391608392,0.16083916083916083,0.5594405594405595,27.97202797202797,1.0
E1,seed123,0.07500000000000001,2000,145,0.0725,0.8344827586206897,0.16551724137931034,0.5517241379310345,28.27586206896552,1.0
E1,seed123,0.1,2000,404,0.202,0.8539603960396039,0.14603960396039606,0.6410891089108911,21.287128712871283,1.0
E1,seed123,0.125,2000,406,0.203,0.854679802955665,0.14532019704433496,0.6403940886699507,21.42857142857143,1.0
E1,seed123,0.15000000000000002,2000,777,0.3885,0.8185328185328186,0.18146718146718144,0.6537966537966537,16.47361647361648,1.0
E1,seed123,0.17500000000000002,2000,784,0.392,0.8176020408163265,0.18239795918367352,0.6505102040816326,16.709183673469386,1.0
E1,seed123,0.2,2000,933,0.4665,0.8102893890675241,0.18971061093247588,0.6409431939978564,16.934619506966776,1.0
E1,seed123,0.225,2000,1221,0.6105,0.8058968058968059,0.1941031941031941,0.6461916461916462,15.970515970515976,1.0
E1,seed123,0.25,2000,1255,0.6275,0.8063745019920319,0.19362549800796813,0.6438247011952192,16.254980079681268,1.0
E1,seed123,0.275,2000,1424,0.712,0.8026685393258427,0.1973314606741573,0.6411516853932584,16.15168539325843,1.0
E1,seed123,0.30000000000000004,2000,1612,0.806,0.7959057071960298,0.20409429280397018,0.642059553349876,15.384615384615385,1.0
E1,seed123,0.325,2000,1669,0.8345,0.7980826842420611,0.20191731575793892,0.6411024565608149,15.69802276812462,1.0
E1,seed123,0.35000000000000003,2000,1831,0.9155,0.7962861824139814,0.2037138175860186,0.6384489350081922,15.783724740578918,1.0
E1,seed123,0.375,2000,1837,0.9185,0.7964071856287425,0.20359281437125754,0.6385410996189439,15.786608600979857,1.0
E1,seed123,0.4,2000,1887,0.9435,0.7965023847376789,0.20349761526232113,0.6359300476947536,16.05723370429253,1.0
E1,seed123,0.42500000000000004,2000,1914,0.957,0.7962382445141066,0.20376175548589337,0.6363636363636364,15.987460815047028,1.0
E1,seed123,0.45,2000,1938,0.969,0.7966976264189887,0.20330237358101133,0.6377708978328174,15.892672858617129,1.0
E1,seed123,0.47500000000000003,2000,1965,0.9825,0.7969465648854962,0.2030534351145038,0.6361323155216285,16.081424936386767,1.0
E1,seed123,0.5,2000,1966,0.983,0.7970498474059003,0.20295015259409965,0.6363173957273652,16.07324516785351,1.0
E1,seed123,0.525,2000,1989,0.9945,0.7963800904977375,0.2036199095022625,0.6354952237305178,16.08848667672197,1.0
E1,seed123,0.55,2000,1989,0.9945,0.7963800904977375,0.2036199095022625,0.6354952237305178,16.08848667672197,1.0
E1,seed123,0.5750000000000001,2000,1998,0.999,0.7972972972972973,0.20270270270270274,0.6361361361361362,16.116116116116107,1.0
E1,seed123,0.6000000000000001,2000,1998,0.999,0.7972972972972973,0.20270270270270274,0.6361361361361362,16.116116116116107,1.0
E1,seed123,0.625,2000,2000,1.0,0.7975,0.2025,0.6355,16.200000000000003,1.0
E1,seed123,0.65,2000,2000,1.0,0.7975,0.2025,0.6355,16.200000000000003,1.0
E1,seed123,0.675,2000,2000,1.0,0.7975,0.2025,0.6355,16.200000000000003,1.0
E1,seed123,0.7000000000000001,2000,2000,1.0,0.7975,0.2025,0.6355,16.200000000000003,1.0
E1,seed123,0.7250000000000001,2000,2000,1.0,0.7975,0.2025,0.6355,16.200000000000003,1.0
E1,seed123,0.75,2000,2000,1.0,0.7975,0.2025,0.6355,16.200000000000003,1.0
E1,seed123,0.775,2000,2000,1.0,0.7975,0.2025,0.6355,16.200000000000003,1.0
E1,seed123,0.8,2000,2000,1.0,0.7975,0.2025,0.6355,16.200000000000003,1.0
E1,seed123,0.8250000000000001,2000,2000,1.0,0.7975,0.2025,0.6355,16.200000000000003,1.0
E1,seed123,0.8500000000000001,2000,2000,1.0,0.7975,0.2025,0.6355,16.200000000000003,1.0
E1,seed123,0.875,2000,2000,1.0,0.7975,0.2025,0.6355,16.200000000000003,1.0
E1,seed123,0.9,2000,2000,1.0,0.7975,0.2025,0.6355,16.200000000000003,1.0
E1,seed123,0.925,2000,2000,1.0,0.7975,0.2025,0.6355,16.200000000000003,1.0
E1,seed123,0.9500000000000001,2000,2000,1.0,0.7975,0.2025,0.6355,16.200000000000003,1.0
E1,seed123,0.9750000000000001,2000,2000,1.0,0.7975,0.2025,0.6355,16.200000000000003,1.0
E1,seed123,1.0,2000,2000,1.0,0.7975,0.2025,0.6355,16.200000000000003,1.0
E1,seed42,0.0,2000,62,0.031,0.9032258064516129,0.09677419354838712,0.4032258064516129,50.0,1.0
E1,seed42,0.025,2000,143,0.0715,0.8391608391608392,0.16083916083916083,0.5594405594405595,27.97202797202797,1.0
E1,seed42,0.05,2000,143,0.0715,0.8391608391608392,0.16083916083916083,0.5594405594405595,27.97202797202797,1.0
E1,seed42,0.07500000000000001,2000,145,0.0725,0.8344827586206897,0.16551724137931034,0.5517241379310345,28.27586206896552,1.0
E1,seed42,0.1,2000,404,0.202,0.8539603960396039,0.14603960396039606,0.6410891089108911,21.287128712871283,1.0
E1,seed42,0.125,2000,406,0.203,0.854679802955665,0.14532019704433496,0.6403940886699507,21.42857142857143,1.0
E1,seed42,0.15000000000000002,2000,777,0.3885,0.8185328185328186,0.18146718146718144,0.6537966537966537,16.47361647361648,1.0
E1,seed42,0.17500000000000002,2000,784,0.392,0.8176020408163265,0.18239795918367352,0.6505102040816326,16.709183673469386,1.0
E1,seed42,0.2,2000,933,0.4665,0.8102893890675241,0.18971061093247588,0.6409431939978564,16.934619506966776,1.0
E1,seed42,0.225,2000,1221,0.6105,0.8058968058968059,0.1941031941031941,0.6461916461916462,15.970515970515976,1.0
E1,seed42,0.25,2000,1255,0.6275,0.8063745019920319,0.19362549800796813,0.6438247011952192,16.254980079681268,1.0
E1,seed42,0.275,2000,1424,0.712,0.8026685393258427,0.1973314606741573,0.6411516853932584,16.15168539325843,1.0
E1,seed42,0.30000000000000004,2000,1612,0.806,0.7959057071960298,0.20409429280397018,0.642059553349876,15.384615384615385,1.0
E1,seed42,0.325,2000,1669,0.8345,0.7980826842420611,0.20191731575793892,0.6411024565608149,15.69802276812462,1.0
E1,seed42,0.35000000000000003,2000,1831,0.9155,0.7962861824139814,0.2037138175860186,0.6384489350081922,15.783724740578918,1.0
E1,seed42,0.375,2000,1837,0.9185,0.7964071856287425,0.20359281437125754,0.6385410996189439,15.786608600979857,1.0
E1,seed42,0.4,2000,1887,0.9435,0.7965023847376789,0.20349761526232113,0.6359300476947536,16.05723370429253,1.0
E1,seed42,0.42500000000000004,2000,1914,0.957,0.7962382445141066,0.20376175548589337,0.6363636363636364,15.987460815047028,1.0
E1,seed42,0.45,2000,1938,0.969,0.7966976264189887,0.20330237358101133,0.6377708978328174,15.892672858617129,1.0
E1,seed42,0.47500000000000003,2000,1965,0.9825,0.7969465648854962,0.2030534351145038,0.6361323155216285,16.081424936386767,1.0
E1,seed42,0.5,2000,1966,0.983,0.7970498474059003,0.20295015259409965,0.6363173957273652,16.07324516785351,1.0
E1,seed42,0.525,2000,1989,0.9945,0.7963800904977375,0.2036199095022625,0.6354952237305178,16.08848667672197,1.0
E1,seed42,0.55,2000,1989,0.9945,0.7963800904977375,0.2036199095022625,0.6354952237305178,16.08848667672197,1.0
E1,seed42,0.5750000000000001,2000,1998,0.999,0.7972972972972973,0.20270270270270274,0.6361361361361362,16.116116116116107,1.0
E1,seed42,0.6000000000000001,2000,1998,0.999,0.7972972972972973,0.20270270270270274,0.6361361361361362,16.116116116116107,1.0
E1,seed42,0.625,2000,2000,1.0,0.7975,0.2025,0.6355,16.200000000000003,1.0
E1,seed42,0.65,2000,2000,1.0,0.7975,0.2025,0.6355,16.200000000000003,1.0
E1,seed42,0.675,2000,2000,1.0,0.7975,0.2025,0.6355,16.200000000000003,1.0
E1,seed42,0.7000000000000001,2000,2000,1.0,0.7975,0.2025,0.6355,16.200000000000003,1.0
E1,seed42,0.7250000000000001,2000,2000,1.0,0.7975,0.2025,0.6355,16.200000000000003,1.0
E1,seed42,0.75,2000,2000,1.0,0.7975,0.2025,0.6355,16.200000000000003,1.0
E1,seed42,0.775,2000,2000,1.0,0.7975,0.2025,0.6355,16.200000000000003,1.0
E1,seed42,0.8,2000,2000,1.0,0.7975,0.2025,0.6355,16.200000000000003,1.0
E1,seed42,0.8250000000000001,2000,2000,1.0,0.7975,0.2025,0.6355,16.200000000000003,1.0
E1,seed42,0.8500000000000001,2000,2000,1.0,0.7975,0.2025,0.6355,16.200000000000003,1.0
E1,seed42,0.875,2000,2000,1.0,0.7975,0.2025,0.6355,16.200000000000003,1.0
E1,seed42,0.9,2000,2000,1.0,0.7975,0.2025,0.6355,16.200000000000003,1.0
E1,seed42,0.925,2000,2000,1.0,0.7975,0.2025,0.6355,16.200000000000003,1.0
E1,seed42,0.9500000000000001,2000,2000,1.0,0.7975,0.2025,0.6355,16.200000000000003,1.0
E1,seed42,0.9750000000000001,2000,2000,1.0,0.7975,0.2025,0.6355,16.200000000000003,1.0
E1,seed42,1.0,2000,2000,1.0,0.7975,0.2025,0.6355,16.200000000000003,1.0
E1,seed456,0.0,2000,62,0.031,0.9032258064516129,0.09677419354838712,0.4032258064516129,50.0,1.0
E1,seed456,0.025,2000,143,0.0715,0.8391608391608392,0.16083916083916083,0.5594405594405595,27.97202797202797,1.0
E1,seed456,0.05,2000,143,0.0715,0.8391608391608392,0.16083916083916083,0.5594405594405595,27.97202797202797,1.0
E1,seed456,0.07500000000000001,2000,145,0.0725,0.8344827586206897,0.16551724137931034,0.5517241379310345,28.27586206896552,1.0
E1,seed456,0.1,2000,404,0.202,0.8539603960396039,0.14603960396039606,0.6410891089108911,21.287128712871283,1.0
E1,seed456,0.125,2000,406,0.203,0.854679802955665,0.14532019704433496,0.6403940886699507,21.42857142857143,1.0
E1,seed456,0.15000000000000002,2000,777,0.3885,0.8185328185328186,0.18146718146718144,0.6537966537966537,16.47361647361648,1.0
E1,seed456,0.17500000000000002,2000,784,0.392,0.8176020408163265,0.18239795918367352,0.6505102040816326,16.709183673469386,1.0
E1,seed456,0.2,2000,933,0.4665,0.8102893890675241,0.18971061093247588,0.6409431939978564,16.934619506966776,1.0
E1,seed456,0.225,2000,1221,0.6105,0.8058968058968059,0.1941031941031941,0.6461916461916462,15.970515970515976,1.0
E1,seed456,0.25,2000,1255,0.6275,0.8063745019920319,0.19362549800796813,0.6438247011952192,16.254980079681268,1.0
E1,seed456,0.275,2000,1424,0.712,0.8026685393258427,0.1973314606741573,0.6411516853932584,16.15168539325843,1.0
E1,seed456,0.30000000000000004,2000,1612,0.806,0.7959057071960298,0.20409429280397018,0.642059553349876,15.384615384615385,1.0
E1,seed456,0.325,2000,1669,0.8345,0.7980826842420611,0.20191731575793892,0.6411024565608149,15.69802276812462,1.0
E1,seed456,0.35000000000000003,2000,1831,0.9155,0.7962861824139814,0.2037138175860186,0.6384489350081922,15.783724740578918,1.0
E1,seed456,0.375,2000,1837,0.9185,0.7964071856287425,0.20359281437125754,0.6385410996189439,15.786608600979857,1.0
E1,seed456,0.4,2000,1887,0.9435,0.7965023847376789,0.20349761526232113,0.6359300476947536,16.05723370429253,1.0
E1,seed456,0.42500000000000004,2000,1914,0.957,0.7962382445141066,0.20376175548589337,0.6363636363636364,15.987460815047028,1.0
E1,seed456,0.45,2000,1938,0.969,0.7966976264189887,0.20330237358101133,0.6377708978328174,15.892672858617129,1.0
E1,seed456,0.47500000000000003,2000,1965,0.9825,0.7969465648854962,0.2030534351145038,0.6361323155216285,16.081424936386767,1.0
E1,seed456,0.5,2000,1966,0.983,0.7970498474059003,0.20295015259409965,0.6363173957273652,16.07324516785351,1.0
E1,seed456,0.525,2000,1989,0.9945,0.7963800904977375,0.2036199095022625,0.6354952237305178,16.08848667672197,1.0
E1,seed456,0.55,2000,1989,0.9945,0.7963800904977375,0.2036199095022625,0.6354952237305178,16.08848667672197,1.0
E1,seed456,0.5750000000000001,2000,1998,0.999,0.7972972972972973,0.20270270270270274,0.6361361361361362,16.116116116116107,1.0
E1,seed456,0.6000000000000001,2000,1998,0.999,0.7972972972972973,0.20270270270270274,0.6361361361361362,16.116116116116107,1.0
E1,seed456,0.625,2000,2000,1.0,0.7975,0.2025,0.6355,16.200000000000003,1.0
E1,seed456,0.65,2000,2000,1.0,0.7975,0.2025,0.6355,16.200000000000003,1.0
E1,seed456,0.675,2000,2000,1.0,0.7975,0.2025,0.6355,16.200000000000003,1.0
E1,seed456,0.7000000000000001,2000,2000,1.0,0.7975,0.2025,0.6355,16.200000000000003,1.0
E1,seed456,0.7250000000000001,2000,2000,1.0,0.7975,0.2025,0.6355,16.200000000000003,1.0
E1,seed456,0.75,2000,2000,1.0,0.7975,0.2025,0.6355,16.200000000000003,1.0
E1,seed456,0.775,2000,2000,1.0,0.7975,0.2025,0.6355,16.200000000000003,1.0
E1,seed456,0.8,2000,2000,1.0,0.7975,0.2025,0.6355,16.200000000000003,1.0
E1,seed456,0.8250000000000001,2000,2000,1.0,0.7975,0.2025,0.6355,16.200000000000003,1.0
E1,seed456,0.8500000000000001,2000,2000,1.0,0.7975,0.2025,0.6355,16.200000000000003,1.0
E1,seed456,0.875,2000,2000,1.0,0.7975,0.2025,0.6355,16.200000000000003,1.0
E1,seed456,0.9,2000,2000,1.0,0.7975,0.2025,0.6355,16.200000000000003,1.0
E1,seed456,0.925,2000,2000,1.0,0.7975,0.2025,0.6355,16.200000000000003,1.0
E1,seed456,0.9500000000000001,2000,2000,1.0,0.7975,0.2025,0.6355,16.200000000000003,1.0
E1,seed456,0.9750000000000001,2000,2000,1.0,0.7975,0.2025,0.6355,16.200000000000003,1.0
E1,seed456,1.0,2000,2000,1.0,0.7975,0.2025,0.6355,16.200000000000003,1.0
E12b,seed123,0.0,2000,62,0.031,0.4032258064516129,0.5967741935483871,0.4032258064516129,0.0,0.0
E12b,seed123,0.025,2000,143,0.0715,0.5594405594405595,0.4405594405594405,0.5594405594405595,0.0,0.0
E12b,seed123,0.05,2000,143,0.0715,0.5594405594405595,0.4405594405594405,0.5594405594405595,0.0,0.0
E12b,seed123,0.07500000000000001,2000,145,0.0725,0.5517241379310345,0.4482758620689655,0.5517241379310345,0.0,0.0
E12b,seed123,0.1,2000,404,0.202,0.6410891089108911,0.3589108910891089,0.6410891089108911,0.0,0.0
E12b,seed123,0.125,2000,406,0.203,0.6403940886699507,0.35960591133004927,0.6403940886699507,0.0,0.0
E12b,seed123,0.15000000000000002,2000,777,0.3885,0.6537966537966537,0.34620334620334625,0.6537966537966537,0.0,0.0
E12b,seed123,0.17500000000000002,2000,784,0.392,0.6505102040816326,0.3494897959183674,0.6505102040816326,0.0,0.0
E12b,seed123,0.2,2000,933,0.4665,0.639871382636656,0.360128617363344,0.6409431939978564,-0.1071811361200381,0.15969989281886388
E12b,seed123,0.225,2000,1221,0.6105,0.6707616707616708,0.3292383292383292,0.6461916461916462,2.4570024570024662,0.3579033579033579
E12b,seed123,0.25,2000,1255,0.6275,0.6685258964143427,0.3314741035856573,0.6438247011952192,2.4701195219123506,0.3752988047808765
E12b,seed123,0.275,2000,1424,0.712,0.6566011235955056,0.3433988764044944,0.6411516853932584,1.54494382022472,0.449438202247191
E12b,seed123,0.30000000000000004,2000,1612,0.806,0.6662531017369727,0.3337468982630273,0.642059553349876,2.4193548387096753,0.5136476426799007
E12b,seed123,0.325,2000,1669,0.8345,0.6680647094068305,0.3319352905931695,0.6411024565608149,2.696225284601561,0.530257639304973
E12b,seed123,0.35000000000000003,2000,1831,0.9155,0.6657564172583288,0.3342435827416712,0.6384489350081922,2.730748225013657,0.571818678317859
E12b,seed123,0.375,2000,1837,0.9185,0.6652150244964616,0.33478497550353836,0.6385410996189439,2.667392487751774,0.5732172019597169
E12b,seed123,0.4,2000,1887,0.9435,0.661897191308956,0.33810280869104403,0.6359300476947536,2.596714361420238,0.584525702172761
E12b,seed123,0.42500000000000004,2000,1914,0.957,0.6619644723092999,0.3380355276907001,0.6363636363636364,2.5600835945663536,0.5903866248693835
E12b,seed123,0.45,2000,1938,0.969,0.6625386996904025,0.33746130030959753,0.6377708978328174,2.4767801857585092,0.5954592363261094
E12b,seed123,0.47500000000000003,2000,1965,0.9825,0.6615776081424937,0.33842239185750633,0.6361323155216285,2.5445292620865145,0.6010178117048346
E12b,seed123,0.5,2000,1966,0.983,0.6617497456765005,0.33825025432349953,0.6363173957273652,2.5432349949135236,0.6012207527975585
E12b,seed123,0.525,2000,1989,0.9945,0.6606334841628959,0.3393665158371041,0.6354952237305178,2.51382604323781,0.6058320764203117
E12b,seed123,0.55,2000,1989,0.9945,0.6606334841628959,0.3393665158371041,0.6354952237305178,2.51382604323781,0.6058320764203117
E12b,seed123,0.5750000000000001,2000,1998,0.999,0.6616616616616616,0.3383383383383384,0.6361361361361362,2.552552552552545,0.6076076076076076
E12b,seed123,0.6000000000000001,2000,1998,0.999,0.6616616616616616,0.3383383383383384,0.6361361361361362,2.552552552552545,0.6076076076076076
E12b,seed123,0.625,2000,2000,1.0,0.661,0.33899999999999997,0.6355,2.550000000000008,0.608
E12b,seed123,0.65,2000,2000,1.0,0.661,0.33899999999999997,0.6355,2.550000000000008,0.608
E12b,seed123,0.675,2000,2000,1.0,0.661,0.33899999999999997,0.6355,2.550000000000008,0.608
E12b,seed123,0.7000000000000001,2000,2000,1.0,0.661,0.33899999999999997,0.6355,2.550000000000008,0.608
E12b,seed123,0.7250000000000001,2000,2000,1.0,0.661,0.33899999999999997,0.6355,2.550000000000008,0.608
E12b,seed123,0.75,2000,2000,1.0,0.661,0.33899999999999997,0.6355,2.550000000000008,0.608
E12b,seed123,0.775,2000,2000,1.0,0.661,0.33899999999999997,0.6355,2.550000000000008,0.608
E12b,seed123,0.8,2000,2000,1.0,0.661,0.33899999999999997,0.6355,2.550000000000008,0.608
E12b,seed123,0.8250000000000001,2000,2000,1.0,0.661,0.33899999999999997,0.6355,2.550000000000008,0.608
E12b,seed123,0.8500000000000001,2000,2000,1.0,0.661,0.33899999999999997,0.6355,2.550000000000008,0.608
E12b,seed123,0.875,2000,2000,1.0,0.661,0.33899999999999997,0.6355,2.550000000000008,0.608
E12b,seed123,0.9,2000,2000,1.0,0.661,0.33899999999999997,0.6355,2.550000000000008,0.608
E12b,seed123,0.925,2000,2000,1.0,0.661,0.33899999999999997,0.6355,2.550000000000008,0.608
E12b,seed123,0.9500000000000001,2000,2000,1.0,0.661,0.33899999999999997,0.6355,2.550000000000008,0.608
E12b,seed123,0.9750000000000001,2000,2000,1.0,0.661,0.33899999999999997,0.6355,2.550000000000008,0.608
E12b,seed123,1.0,2000,2000,1.0,0.661,0.33899999999999997,0.6355,2.550000000000008,0.608
E12b,seed42,0.0,2000,78,0.039,0.46153846153846156,0.5384615384615384,0.46153846153846156,0.0,0.0
E12b,seed42,0.025,2000,158,0.079,0.5506329113924051,0.4493670886075949,0.5506329113924051,0.0,0.0
E12b,seed42,0.05,2000,160,0.08,0.55,0.44999999999999996,0.55,0.0,0.0
E12b,seed42,0.07500000000000001,2000,161,0.0805,0.546583850931677,0.45341614906832295,0.546583850931677,0.0,0.0
E12b,seed42,0.1,2000,386,0.193,0.6347150259067358,0.3652849740932642,0.6347150259067358,0.0,0.0
E12b,seed42,0.125,2000,393,0.1965,0.6412213740458015,0.3587786259541985,0.6412213740458015,0.0,0.0
E12b,seed42,0.15000000000000002,2000,800,0.4,0.65625,0.34375,0.65625,0.0,0.0
E12b,seed42,0.17500000000000002,2000,803,0.4015,0.6562889165628891,0.3437110834371109,0.6562889165628891,0.0,0.0
E12b,seed42,0.2,2000,933,0.4665,0.6463022508038585,0.3536977491961415,0.6452304394426581,0.1071811361200381,0.13933547695605572
E12b,seed42,0.225,2000,1244,0.622,0.6704180064308681,0.32958199356913187,0.6430868167202572,2.733118971061088,0.3545016077170418
E12b,seed42,0.25,2000,1275,0.6375,0.6698039215686274,0.33019607843137255,0.6407843137254902,2.9019607843137285,0.37019607843137253
E12b,seed42,0.275,2000,1437,0.7185,0.6590118302018093,0.3409881697981907,0.6346555323590815,2.435629784272786,0.44119693806541405
E12b,seed42,0.30000000000000004,2000,1615,0.8075,0.6693498452012384,0.3306501547987616,0.6359133126934985,3.3436532507739924,0.5027863777089784
E12b,seed42,0.325,2000,1665,0.8325,0.6696696696696697,0.3303303303303303,0.6354354354354355,3.4234234234234218,0.5177177177177177
E12b,seed42,0.35000000000000003,2000,1829,0.9145,0.6648441771459814,0.33515582285401857,0.6293056314926189,3.5538545653362563,0.5609622744669218
E12b,seed42,0.375,2000,1838,0.919,0.6659412404787813,0.33405875952121866,0.6300326441784548,3.59085963003265,0.5631120783460283
E12b,seed42,0.4,2000,1886,0.943,0.6643690349946978,0.3356309650053022,0.6299045599151644,3.446447507953343,0.5742311770943797
E12b,seed42,0.42500000000000004,2000,1920,0.96,0.6635416666666667,0.3364583333333333,0.6296875,3.385416666666674,0.5817708333333333
E12b,seed42,0.45,2000,1942,0.971,0.664778578784758,0.335221421215242,0.6318228630278064,3.2955715756951554,0.586508753861998
E12b,seed42,0.47500000000000003,2000,1970,0.985,0.6634517766497462,0.3365482233502538,0.6289340101522842,3.4517766497461966,0.5923857868020305
E12b,seed42,0.5,2000,1973,0.9865,0.6634566649771921,0.33654333502280787,0.6289913836796757,3.446528129751647,0.5930055752660922
E12b,seed42,0.525,2000,1991,0.9955,0.6634856855851331,0.3365143144148669,0.629331993972878,3.415369161225512,0.5966850828729282
E12b,seed42,0.55,2000,1991,0.9955,0.6634856855851331,0.3365143144148669,0.629331993972878,3.415369161225512,0.5966850828729282
E12b,seed42,0.5750000000000001,2000,1998,0.999,0.6641641641641641,0.33583583583583587,0.6296296296296297,3.453453453453448,0.5980980980980981
E12b,seed42,0.6000000000000001,2000,1998,0.999,0.6641641641641641,0.33583583583583587,0.6296296296296297,3.453453453453448,0.5980980980980981
E12b,seed42,0.625,2000,2000,1.0,0.6635,0.3365,0.629,3.4499999999999975,0.5985
E12b,seed42,0.65,2000,2000,1.0,0.6635,0.3365,0.629,3.4499999999999975,0.5985
E12b,seed42,0.675,2000,2000,1.0,0.6635,0.3365,0.629,3.4499999999999975,0.5985
E12b,seed42,0.7000000000000001,2000,2000,1.0,0.6635,0.3365,0.629,3.4499999999999975,0.5985
E12b,seed42,0.7250000000000001,2000,2000,1.0,0.6635,0.3365,0.629,3.4499999999999975,0.5985
E12b,seed42,0.75,2000,2000,1.0,0.6635,0.3365,0.629,3.4499999999999975,0.5985
E12b,seed42,0.775,2000,2000,1.0,0.6635,0.3365,0.629,3.4499999999999975,0.5985
E12b,seed42,0.8,2000,2000,1.0,0.6635,0.3365,0.629,3.4499999999999975,0.5985
E12b,seed42,0.8250000000000001,2000,2000,1.0,0.6635,0.3365,0.629,3.4499999999999975,0.5985
E12b,seed42,0.8500000000000001,2000,2000,1.0,0.6635,0.3365,0.629,3.4499999999999975,0.5985
E12b,seed42,0.875,2000,2000,1.0,0.6635,0.3365,0.629,3.4499999999999975,0.5985
E12b,seed42,0.9,2000,2000,1.0,0.6635,0.3365,0.629,3.4499999999999975,0.5985
E12b,seed42,0.925,2000,2000,1.0,0.6635,0.3365,0.629,3.4499999999999975,0.5985
E12b,seed42,0.9500000000000001,2000,2000,1.0,0.6635,0.3365,0.629,3.4499999999999975,0.5985
E12b,seed42,0.9750000000000001,2000,2000,1.0,0.6635,0.3365,0.629,3.4499999999999975,0.5985
E12b,seed42,1.0,2000,2000,1.0,0.6635,0.3365,0.629,3.4499999999999975,0.5985
E12b,seed456,0.0,2000,62,0.031,0.4032258064516129,0.5967741935483871,0.4032258064516129,0.0,0.0
E12b,seed456,0.025,2000,143,0.0715,0.5594405594405595,0.4405594405594405,0.5594405594405595,0.0,0.0
E12b,seed456,0.05,2000,143,0.0715,0.5594405594405595,0.4405594405594405,0.5594405594405595,0.0,0.0
E12b,seed456,0.07500000000000001,2000,145,0.0725,0.5517241379310345,0.4482758620689655,0.5517241379310345,0.0,0.0
E12b,seed456,0.1,2000,404,0.202,0.6410891089108911,0.3589108910891089,0.6410891089108911,0.0,0.0
E12b,seed456,0.125,2000,406,0.203,0.6403940886699507,0.35960591133004927,0.6403940886699507,0.0,0.0
E12b,seed456,0.15000000000000002,2000,777,0.3885,0.6537966537966537,0.34620334620334625,0.6537966537966537,0.0,0.0
E12b,seed456,0.17500000000000002,2000,784,0.392,0.6505102040816326,0.3494897959183674,0.6505102040816326,0.0,0.0
E12b,seed456,0.2,2000,933,0.4665,0.639871382636656,0.360128617363344,0.6409431939978564,-0.1071811361200381,0.15969989281886388
E12b,seed456,0.225,2000,1221,0.6105,0.6707616707616708,0.3292383292383292,0.6461916461916462,2.4570024570024662,0.3579033579033579
E12b,seed456,0.25,2000,1255,0.6275,0.6685258964143427,0.3314741035856573,0.6438247011952192,2.4701195219123506,0.3752988047808765
E12b,seed456,0.275,2000,1424,0.712,0.6566011235955056,0.3433988764044944,0.6411516853932584,1.54494382022472,0.449438202247191
E12b,seed456,0.30000000000000004,2000,1612,0.806,0.6662531017369727,0.3337468982630273,0.642059553349876,2.4193548387096753,0.5136476426799007
E12b,seed456,0.325,2000,1669,0.8345,0.6680647094068305,0.3319352905931695,0.6411024565608149,2.696225284601561,0.530257639304973
E12b,seed456,0.35000000000000003,2000,1831,0.9155,0.6657564172583288,0.3342435827416712,0.6384489350081922,2.730748225013657,0.571818678317859
E12b,seed456,0.375,2000,1837,0.9185,0.6652150244964616,0.33478497550353836,0.6385410996189439,2.667392487751774,0.5732172019597169
E12b,seed456,0.4,2000,1887,0.9435,0.661897191308956,0.33810280869104403,0.6359300476947536,2.596714361420238,0.584525702172761
E12b,seed456,0.42500000000000004,2000,1914,0.957,0.6619644723092999,0.3380355276907001,0.6363636363636364,2.5600835945663536,0.5903866248693835
E12b,seed456,0.45,2000,1938,0.969,0.6625386996904025,0.33746130030959753,0.6377708978328174,2.4767801857585092,0.5954592363261094
E12b,seed456,0.47500000000000003,2000,1965,0.9825,0.6615776081424937,0.33842239185750633,0.6361323155216285,2.5445292620865145,0.6010178117048346
E12b,seed456,0.5,2000,1966,0.983,0.6617497456765005,0.33825025432349953,0.6363173957273652,2.5432349949135236,0.6012207527975585
E12b,seed456,0.525,2000,1989,0.9945,0.6606334841628959,0.3393665158371041,0.6354952237305178,2.51382604323781,0.6058320764203117
E12b,seed456,0.55,2000,1989,0.9945,0.6606334841628959,0.3393665158371041,0.6354952237305178,2.51382604323781,0.6058320764203117
E12b,seed456,0.5750000000000001,2000,1998,0.999,0.6616616616616616,0.3383383383383384,0.6361361361361362,2.552552552552545,0.6076076076076076
E12b,seed456,0.6000000000000001,2000,1998,0.999,0.6616616616616616,0.3383383383383384,0.6361361361361362,2.552552552552545,0.6076076076076076
E12b,seed456,0.625,2000,2000,1.0,0.661,0.33899999999999997,0.6355,2.550000000000008,0.608
E12b,seed456,0.65,2000,2000,1.0,0.661,0.33899999999999997,0.6355,2.550000000000008,0.608
E12b,seed456,0.675,2000,2000,1.0,0.661,0.33899999999999997,0.6355,2.550000000000008,0.608
E12b,seed456,0.7000000000000001,2000,2000,1.0,0.661,0.33899999999999997,0.6355,2.550000000000008,0.608
E12b,seed456,0.7250000000000001,2000,2000,1.0,0.661,0.33899999999999997,0.6355,2.550000000000008,0.608
E12b,seed456,0.75,2000,2000,1.0,0.661,0.33899999999999997,0.6355,2.550000000000008,0.608
E12b,seed456,0.775,2000,2000,1.0,0.661,0.33899999999999997,0.6355,2.550000000000008,0.608
E12b,seed456,0.8,2000,2000,1.0,0.661,0.33899999999999997,0.6355,2.550000000000008,0.608
E12b,seed456,0.8250000000000001,2000,2000,1.0,0.661,0.33899999999999997,0.6355,2.550000000000008,0.608
E12b,seed456,0.8500000000000001,2000,2000,1.0,0.661,0.33899999999999997,0.6355,2.550000000000008,0.608
E12b,seed456,0.875,2000,2000,1.0,0.661,0.33899999999999997,0.6355,2.550000000000008,0.608
E12b,seed456,0.9,2000,2000,1.0,0.661,0.33899999999999997,0.6355,2.550000000000008,0.608
E12b,seed456,0.925,2000,2000,1.0,0.661,0.33899999999999997,0.6355,2.550000000000008,0.608
E12b,seed456,0.9500000000000001,2000,2000,1.0,0.661,0.33899999999999997,0.6355,2.550000000000008,0.608
E12b,seed456,0.9750000000000001,2000,2000,1.0,0.661,0.33899999999999997,0.6355,2.550000000000008,0.608
E12b,seed456,1.0,2000,2000,1.0,0.661,0.33899999999999997,0.6355,2.550000000000008,0.608
